workload,structure,n,m,average_ms,metric,average_metric,theory
random_access,DynamicArray,100,10000,0.372961,accesses,10000.0,Theta(m)
random_access,LinkedList,100,10000,0.787522,accesses,511508.0,Theta(m*n)
search,DynamicArray,100,1000,0.075392,comparisons,72324.0,Theta(m*n)
search,LinkedList,100,1000,0.121928,comparisons,72324.0,Theta(m*n)
insert_front,DynamicArray,100,1000,0.211645,movements,599500.0,Theta(m*n+m^2)
insert_front,LinkedList,100,1000,0.048170,node_accesses,0.0,Theta(m)
remove_front,DynamicArray,100,1000,0.183627,movements,599500.0,Theta(m*n+m^2)
remove_front,LinkedList,100,1000,0.035976,node_accesses,1000.0,Theta(m)
insert_middle,DynamicArray,100,1000,0.200172,movements,549500.0,Theta(m*n+m^2)
insert_middle,LinkedList,100,1000,0.085922,node_accesses,50000.0,Theta(m*n)
remove_middle,DynamicArray,100,1000,0.185231,movements,549500.0,Theta(m*n+m^2)
remove_middle,LinkedList,100,1000,0.073487,node_accesses,51000.0,Theta(m*n)
priority_insert,MinHeap,100,100,0.004056,comparisons,217.0,O(n*log(n))
priority_extract,MinHeap,100,100,0.005971,comparisons,858.0,Theta(n*log(n))
random_access,DynamicArray,1000,10000,0.076596,accesses,10000.0,Theta(m)
random_access,LinkedList,1000,10000,6.333173,accesses,5015208.0,Theta(m*n)
search,DynamicArray,1000,1000,0.507259,comparisons,715826.0,Theta(m*n)
search,LinkedList,1000,1000,1.020780,comparisons,715826.0,Theta(m*n)
insert_front,DynamicArray,1000,1000,0.504383,movements,1499500.0,Theta(m*n+m^2)
insert_front,LinkedList,1000,1000,0.031636,node_accesses,0.0,Theta(m)
remove_front,DynamicArray,1000,1000,0.391871,movements,1499500.0,Theta(m*n+m^2)
remove_front,LinkedList,1000,1000,0.005000,node_accesses,1000.0,Theta(m)
insert_middle,DynamicArray,1000,1000,0.287588,movements,999500.0,Theta(m*n+m^2)
insert_middle,LinkedList,1000,1000,0.561631,node_accesses,500000.0,Theta(m*n)
remove_middle,DynamicArray,1000,1000,0.409225,movements,999500.0,Theta(m*n+m^2)
remove_middle,LinkedList,1000,1000,0.619963,node_accesses,501000.0,Theta(m*n)
priority_insert,MinHeap,1000,1000,0.048520,comparisons,2188.0,O(n*log(n))
priority_extract,MinHeap,1000,1000,0.088253,comparisons,14995.0,Theta(n*log(n))
random_access,DynamicArray,10000,10000,0.009691,accesses,10000.0,Theta(m)
random_access,LinkedList,10000,10000,61.064142,accesses,50139208.0,Theta(m*n)
search,DynamicArray,10000,1000,2.980330,comparisons,7060787.0,Theta(m*n)
search,LinkedList,10000,1000,8.855079,comparisons,7060787.0,Theta(m*n)
insert_front,DynamicArray,10000,1000,3.190749,movements,10499500.0,Theta(m*n+m^2)
insert_front,LinkedList,10000,1000,0.017372,node_accesses,0.0,Theta(m)
remove_front,DynamicArray,10000,1000,2.628395,movements,10499500.0,Theta(m*n+m^2)
remove_front,LinkedList,10000,1000,0.004597,node_accesses,1000.0,Theta(m)
insert_middle,DynamicArray,10000,1000,1.644214,movements,5499500.0,Theta(m*n+m^2)
insert_middle,LinkedList,10000,1000,6.869841,node_accesses,5000000.0,Theta(m*n)
remove_middle,DynamicArray,10000,1000,1.365490,movements,5499500.0,Theta(m*n+m^2)
remove_middle,LinkedList,10000,1000,5.787236,node_accesses,5001000.0,Theta(m*n)
priority_insert,MinHeap,10000,10000,0.315202,comparisons,22582.0,O(n*log(n))
priority_extract,MinHeap,10000,10000,0.747327,comparisons,216644.0,Theta(n*log(n))
random_access,DynamicArray,100000,10000,0.016809,accesses,10000.0,Theta(m)
random_access,LinkedList,100000,10000,583.824015,accesses,502499208.0,Theta(m*n)
search,DynamicArray,100000,1000,27.801317,comparisons,70464608.0,Theta(m*n)
search,LinkedList,100000,1000,87.027452,comparisons,70464608.0,Theta(m*n)
insert_front,DynamicArray,100000,1000,28.467458,movements,100499500.0,Theta(m*n+m^2)
insert_front,LinkedList,100000,1000,0.006816,node_accesses,0.0,Theta(m)
remove_front,DynamicArray,100000,1000,30.299114,movements,100499500.0,Theta(m*n+m^2)
remove_front,LinkedList,100000,1000,0.003041,node_accesses,1000.0,Theta(m)
insert_middle,DynamicArray,100000,1000,14.640758,movements,50499500.0,Theta(m*n+m^2)
insert_middle,LinkedList,100000,1000,70.182725,node_accesses,50000000.0,Theta(m*n)
remove_middle,DynamicArray,100000,1000,15.493399,movements,50499500.0,Theta(m*n+m^2)
remove_middle,LinkedList,100000,1000,71.282876,node_accesses,50001000.0,Theta(m*n)
priority_insert,MinHeap,100000,100000,1.138447,comparisons,229018.0,O(n*log(n))
priority_extract,MinHeap,100000,100000,8.209475,comparisons,2831804.0,Theta(n*log(n))
